"filename", "language", "C++", "CMake", "YAML", "JSON", "Swift", "Markdown", "XML", "Dart", "PowerShell", "Shell Script", "HTML", "JavaScript", "Properties", "Groovy", "comment", "blank", "total"
"c:\Users\Hp\OneDrive\Desktop\2026 plan\Sila\sila_app\.github\workflows\ci.yml", "YAML", 0, 0, 38, 0, 0, 0, 0, 0, 0, 0, 0, 0, 0, 0, 0, 10, 48
"c:\Users\Hp\OneDrive\Desktop\2026 plan\Sila\sila_app\.github\workflows\release-update.yml", "YAML", 0, 0, 193, 0, 0, 0, 0, 0, 0, 0, 0, 0, 0, 0, 0, 32, 225
"c:\Users\Hp\OneDrive\Desktop\2026 plan\Sila\sila_app\ISAR_WEB_FIX.md", "Markdown", 0, 0, 0, 0, 0, 35, 0, 0, 0, 0, 0, 0, 0, 0, 0, 15, 50
"c:\Users\Hp\OneDrive\Desktop\2026 plan\Sila\sila_app\README.md", "Markdown", 0, 0, 0, 0, 0, 15, 0, 0, 0, 0, 0, 0, 0, 0, 0, 8, 23
"c:\Users\Hp\OneDrive\Desktop\2026 plan\Sila\sila_app\analysis_options.yaml", "YAML", 0, 0, 95, 0, 0, 0, 0, 0, 0, 0, 0, 0, 0, 0, 0, 2, 97
"c:\Users\Hp\OneDrive\Desktop\2026 plan\Sila\sila_app\android\app\google-services.example.json", "JSON", 0, 0, 0, 29, 0, 0, 0, 0, 0, 0, 0, 0, 0, 0, 0, 1, 30
"c:\Users\Hp\OneDrive\Desktop\2026 plan\Sila\sila_app\android\app\src\debug\AndroidManifest.xml", "XML", 0, 0, 0, 0, 0, 0, 3, 0, 0, 0, 0, 0, 0, 0, 4, 1, 8
"c:\Users\Hp\OneDrive\Desktop\2026 plan\Sila\sila_app\android\app\src\main\AndroidManifest.xml", "XML", 0, 0, 0, 0, 0, 0, 94, 0, 0, 0, 0, 0, 0, 0, 23, 15, 132
"c:\Users\Hp\OneDrive\Desktop\2026 plan\Sila\sila_app\android\app\src\main\res\drawable-v21\launch_background.xml", "XML", 0, 0, 0, 0, 0, 0, 4, 0, 0, 0, 0, 0, 0, 0, 7, 2, 13
"c:\Users\Hp\OneDrive\Desktop\2026 plan\Sila\sila_app\android\app\src\main\res\drawable\ic_notification.xml", "XML", 0, 0, 0, 0, 0, 0, 10, 0, 0, 0, 0, 0, 0, 0, 0, 1, 11
"c:\Users\Hp\OneDrive\Desktop\2026 plan\Sila\sila_app\android\app\src\main\res\drawable\launch_background.xml", "XML", 0, 0, 0, 0, 0, 0, 4, 0, 0, 0, 0, 0, 0, 0, 7, 2, 13
"c:\Users\Hp\OneDrive\Desktop\2026 plan\Sila\sila_app\android\app\src\main\res\values-night\styles.xml", "XML", 0, 0, 0, 0, 0, 0, 9, 0, 0, 0, 0, 0, 0, 0, 9, 1, 19
"c:\Users\Hp\OneDrive\Desktop\2026 plan\Sila\sila_app\android\app\src\main\res\values\styles.xml", "XML", 0, 0, 0, 0, 0, 0, 9, 0, 0, 0, 0, 0, 0, 0, 9, 1, 19
"c:\Users\Hp\OneDrive\Desktop\2026 plan\Sila\sila_app\android\app\src\main\res\xml\file_paths.xml", "XML", 0, 0, 0, 0, 0, 0, 4, 0, 0, 0, 0, 0, 0, 0, 0, 1, 5
"c:\Users\Hp\OneDrive\Desktop\2026 plan\Sila\sila_app\android\app\src\profile\AndroidManifest.xml", "XML", 0, 0, 0, 0, 0, 0, 3, 0, 0, 0, 0, 0, 0, 0, 4, 1, 8
"c:\Users\Hp\OneDrive\Desktop\2026 plan\Sila\sila_app\android\fix_namespace.gradle", "Groovy", 0, 0, 0, 0, 0, 0, 0, 0, 0, 0, 0, 0, 0, 0, 2, 1, 3
"c:\Users\Hp\OneDrive\Desktop\2026 plan\Sila\sila_app\android\gradle.properties", "Properties", 0, 0, 0, 0, 0, 0, 0, 0, 0, 0, 0, 0, 3, 0, 0, 1, 4
"c:\Users\Hp\OneDrive\Desktop\2026 plan\Sila\sila_app\android\gradle\wrapper\gradle-wrapper.properties", "Properties", 0, 0, 0, 0, 0, 0, 0, 0, 0, 0, 0, 0, 5, 0, 0, 1, 6
"c:\Users\Hp\OneDrive\Desktop\2026 plan\Sila\sila_app\assets\audio\README.md", "Markdown", 0, 0, 0, 0, 0, 22, 0, 0, 0, 0, 0, 0, 0, 0, 0, 12, 34
"c:\Users\Hp\OneDrive\Desktop\2026 plan\Sila\sila_app\assets\banks\azkar_bank.json", "JSON", 0, 0, 0, 1668, 0, 0, 0, 0, 0, 0, 0, 0, 0, 0, 0, 0, 1668
"c:\Users\Hp\OneDrive\Desktop\2026 plan\Sila\sila_app\assets\banks\azkar_bank_tr.json", "JSON", 0, 0, 0, 1668, 0, 0, 0, 0, 0, 0, 0, 0, 0, 0, 0, 0, 1668
"c:\Users\Hp\OneDrive\Desktop\2026 plan\Sila\sila_app\assets\banks\hifz_bank.json", "JSON", 0, 0, 0, 1392, 0, 0, 0, 0, 0, 0, 0, 0, 0, 0, 0, 0, 1392
"c:\Users\Hp\OneDrive\Desktop\2026 plan\Sila\sila_app\assets\banks\hifz_bank_tr.json", "JSON", 0, 0, 0, 1392, 0, 0, 0, 0, 0, 0, 0, 0, 0, 0, 0, 0, 1392
"c:\Users\Hp\OneDrive\Desktop\2026 plan\Sila\sila_app\assets\banks\quran_bank.json", "JSON", 0, 0, 0, 2469, 0, 0, 0, 0, 0, 0, 0, 0, 0, 0, 0, 0, 2469
"c:\Users\Hp\OneDrive\Desktop\2026 plan\Sila\sila_app\assets\banks\quran_bank_tr.json", "JSON", 0, 0, 0, 2469, 0, 0, 0, 0, 0, 0, 0, 0, 0, 0, 0, 0, 2469
"c:\Users\Hp\OneDrive\Desktop\2026 plan\Sila\sila_app\assets\banks\salah_bank.json", "JSON", 0, 0, 0, 1062, 0, 0, 0, 0, 0, 0, 0, 0, 0, 0, 0, 0, 1062
"c:\Users\Hp\OneDrive\Desktop\2026 plan\Sila\sila_app\assets\banks\salah_bank_tr.json", "JSON", 0, 0, 0, 1062, 0, 0, 0, 0, 0, 0, 0, 0, 0, 0, 0, 0, 1062
"c:\Users\Hp\OneDrive\Desktop\2026 plan\Sila\sila_app\assets\banks\scholars_bank.json", "JSON", 0, 0, 0, 962, 0, 0, 0, 0, 0, 0, 0, 0, 0, 0, 0, 0, 962
"c:\Users\Hp\OneDrive\Desktop\2026 plan\Sila\sila_app\assets\banks\scholars_bank_tr.json", "JSON", 0, 0, 0, 962, 0, 0, 0, 0, 0, 0, 0, 0, 0, 0, 0, 0, 962
"c:\Users\Hp\OneDrive\Desktop\2026 plan\Sila\sila_app\assets\banks\seasons_bank.json", "JSON", 0, 0, 0, 1022, 0, 0, 0, 0, 0, 0, 0, 0, 0, 0, 0, 0, 1022
"c:\Users\Hp\OneDrive\Desktop\2026 plan\Sila\sila_app\assets\banks\seasons_bank_tr.json", "JSON", 0, 0, 0, 1022, 0, 0, 0, 0, 0, 0, 0, 0, 0, 0, 0, 0, 1022
"c:\Users\Hp\OneDrive\Desktop\2026 plan\Sila\sila_app\assets\banks\tasbih_bank.json", "JSON", 0, 0, 0, 1762, 0, 0, 0, 0, 0, 0, 0, 0, 0, 0, 0, 0, 1762
"c:\Users\Hp\OneDrive\Desktop\2026 plan\Sila\sila_app\assets\banks\tasbih_bank_tr.json", "JSON", 0, 0, 0, 1762, 0, 0, 0, 0, 0, 0, 0, 0, 0, 0, 0, 0, 1762
"c:\Users\Hp\OneDrive\Desktop\2026 plan\Sila\sila_app\assets\data\azkar.json", "JSON", 0, 0, 0, 280, 0, 0, 0, 0, 0, 0, 0, 0, 0, 0, 0, 1, 281
"c:\Users\Hp\OneDrive\Desktop\2026 plan\Sila\sila_app\assets\data\azkar_tr.json", "JSON", 0, 0, 0, 280, 0, 0, 0, 0, 0, 0, 0, 0, 0, 0, 0, 1, 281
"c:\Users\Hp\OneDrive\Desktop\2026 plan\Sila\sila_app\assets\data\download_tafsir.js", "JavaScript", 0, 0, 0, 0, 0, 0, 0, 0, 0, 0, 0, 24, 0, 0, 0, 4, 28
"c:\Users\Hp\OneDrive\Desktop\2026 plan\Sila\sila_app\assets\data\download_tajweed.js", "JavaScript", 0, 0, 0, 0, 0, 0, 0, 0, 0, 0, 0, 24, 0, 0, 0, 4, 28
"c:\Users\Hp\OneDrive\Desktop\2026 plan\Sila\sila_app\assets\data\quran_tr.json", "JSON", 0, 0, 0, 31184, 0, 0, 0, 0, 0, 0, 0, 0, 0, 0, 0, 0, 31184
"c:\Users\Hp\OneDrive\Desktop\2026 plan\Sila\sila_app\assets\data\starting_meta.json", "JSON", 0, 0, 0, 2201, 0, 0, 0, 0, 0, 0, 0, 0, 0, 0, 0, 1, 2202
"c:\Users\Hp\OneDrive\Desktop\2026 plan\Sila\sila_app\assets\data\surahs.json", "JSON", 0, 0, 0, 1, 0, 0, 0, 0, 0, 0, 0, 0, 0, 0, 0, 0, 1
"c:\Users\Hp\OneDrive\Desktop\2026 plan\Sila\sila_app\assets\data\tafseer.json", "JSON", 0, 0, 0, 1, 0, 0, 0, 0, 0, 0, 0, 0, 0, 0, 0, 0, 1
"c:\Users\Hp\OneDrive\Desktop\2026 plan\Sila\sila_app\assets\data\tafseer_tr.json", "JSON", 0, 0, 0, 6238, 0, 0, 0, 0, 0, 0, 0, 0, 0, 0, 0, 0, 6238
"c:\Users\Hp\OneDrive\Desktop\2026 plan\Sila\sila_app\assets\data\tajweed.json", "JSON", 0, 0, 0, 1, 0, 0, 0, 0, 0, 0, 0, 0, 0, 0, 0, 0, 1
"c:\Users\Hp\OneDrive\Desktop\2026 plan\Sila\sila_app\assets\data\tajweed_tr.json", "JSON", 0, 0, 0, 6238, 0, 0, 0, 0, 0, 0, 0, 0, 0, 0, 0, 0, 6238
"c:\Users\Hp\OneDrive\Desktop\2026 plan\Sila\sila_app\assets\translations\ar-SA.json", "JSON", 0, 0, 0, 778, 0, 0, 0, 0, 0, 0, 0, 0, 0, 0, 0, 1, 779
"c:\Users\Hp\OneDrive\Desktop\2026 plan\Sila\sila_app\assets\translations\tr-TR.json", "JSON", 0, 0, 0, 769, 0, 0, 0, 0, 0, 0, 0, 0, 0, 0, 0, 1, 770
"c:\Users\Hp\OneDrive\Desktop\2026 plan\Sila\sila_app\devtools_options.yaml", "YAML", 0, 0, 3, 0, 0, 0, 0, 0, 0, 0, 0, 0, 0, 0, 0, 1, 4
"c:\Users\Hp\OneDrive\Desktop\2026 plan\Sila\sila_app\hifz_feature_report.md", "Markdown", 0, 0, 0, 0, 0, 125, 0, 0, 0, 0, 0, 0, 0, 0, 0, 23, 148
"c:\Users\Hp\OneDrive\Desktop\2026 plan\Sila\sila_app\ios\RunnerTests\RunnerTests.swift", "Swift", 0, 0, 0, 0, 7, 0, 0, 0, 0, 0, 0, 0, 0, 0, 2, 4, 13
"c:\Users\Hp\OneDrive\Desktop\2026 plan\Sila\sila_app\ios\Runner\AppDelegate.swift", "Swift", 0, 0, 0, 0, 12, 0, 0, 0, 0, 0, 0, 0, 0, 0, 0, 2, 14
"c:\Users\Hp\OneDrive\Desktop\2026 plan\Sila\sila_app\ios\Runner\Assets.xcassets\AppIcon.appiconset\Contents.json", "JSON", 0, 0, 0, 1, 0, 0, 0, 0, 0, 0, 0, 0, 0, 0, 0, 0, 1
"c:\Users\Hp\OneDrive\Desktop\2026 plan\Sila\sila_app\ios\Runner\Assets.xcassets\LaunchImage.imageset\Contents.json", "JSON", 0, 0, 0, 23, 0, 0, 0, 0, 0, 0, 0, 0, 0, 0, 0, 1, 24
"c:\Users\Hp\OneDrive\Desktop\2026 plan\Sila\sila_app\ios\Runner\Assets.xcassets\LaunchImage.imageset\README.md", "Markdown", 0, 0, 0, 0, 0, 3, 0, 0, 0, 0, 0, 0, 0, 0, 0, 2, 5
"c:\Users\Hp\OneDrive\Desktop\2026 plan\Sila\sila_app\ios\Runner\Base.lproj\LaunchScreen.storyboard", "XML", 0, 0, 0, 0, 0, 0, 36, 0, 0, 0, 0, 0, 0, 0, 1, 1, 38
"c:\Users\Hp\OneDrive\Desktop\2026 plan\Sila\sila_app\ios\Runner\Base.lproj\Main.storyboard", "XML", 0, 0, 0, 0, 0, 0, 25, 0, 0, 0, 0, 0, 0, 0, 1, 1, 27
"c:\Users\Hp\OneDrive\Desktop\2026 plan\Sila\sila_app\ios\Runner\Runner-Bridging-Header.h", "C++", 1, 0, 0, 0, 0, 0, 0, 0, 0, 0, 0, 0, 0, 0, 0, 1, 2
"c:\Users\Hp\OneDrive\Desktop\2026 plan\Sila\sila_app\lib\core\error\exceptions.dart", "Dart", 0, 0, 0, 0, 0, 0, 0, 8, 0, 0, 0, 0, 0, 0, 0, 2, 10
"c:\Users\Hp\OneDrive\Desktop\2026 plan\Sila\sila_app\lib\core\error\failure.dart", "Dart", 0, 0, 0, 0, 0, 0, 0, 13, 0, 0, 0, 0, 0, 0, 0, 5, 18
"c:\Users\Hp\OneDrive\Desktop\2026 plan\Sila\sila_app\lib\core\error\failures.dart", "Dart", 0, 0, 0, 0, 0, 0, 0, 13, 0, 0, 0, 0, 0, 0, 0, 5, 18
"c:\Users\Hp\OneDrive\Desktop\2026 plan\Sila\sila_app\lib\core\models\reciter_settings.dart", "Dart", 0, 0, 0, 0, 0, 0, 0, 8, 0, 0, 0, 0, 0, 0, 0, 4, 12
"c:\Users\Hp\OneDrive\Desktop\2026 plan\Sila\sila_app\lib\core\models\reciter_settings.g.dart", "Dart", 0, 0, 0, 0, 0, 0, 0, 498, 0, 0, 0, 0, 0, 0, 6, 54, 558
"c:\Users\Hp\OneDrive\Desktop\2026 plan\Sila\sila_app\lib\core\presentation\main_layout.dart", "Dart", 0, 0, 0, 0, 0, 0, 0, 285, 0, 0, 0, 0, 0, 0, 8, 31, 324
"c:\Users\Hp\OneDrive\Desktop\2026 plan\Sila\sila_app\lib\core\presentation\widgets\audio_storage_sheet.dart", "Dart", 0, 0, 0, 0, 0, 0, 0, 133, 0, 0, 0, 0, 0, 0, 0, 9, 142
"c:\Users\Hp\OneDrive\Desktop\2026 plan\Sila\sila_app\lib\core\presentation\widgets\language_switcher.dart", "Dart", 0, 0, 0, 0, 0, 0, 0, 118, 0, 0, 0, 0, 0, 0, 2, 9, 129
"c:\Users\Hp\OneDrive\Desktop\2026 plan\Sila\sila_app\lib\core\presentation\widgets\reciter_picker_sheet.dart", "Dart", 0, 0, 0, 0, 0, 0, 0, 158, 0, 0, 0, 0, 0, 0, 0, 10, 168
"c:\Users\Hp\OneDrive\Desktop\2026 plan\Sila\sila_app\lib\core\presentation\widgets\sila_app_bar.dart", "Dart", 0, 0, 0, 0, 0, 0, 0, 39, 0, 0, 0, 0, 0, 0, 0, 5, 44
"c:\Users\Hp\OneDrive\Desktop\2026 plan\Sila\sila_app\lib\core\presentation\widgets\sila_bottom_bar.dart", "Dart", 0, 0, 0, 0, 0, 0, 0, 149, 0, 0, 0, 0, 0, 0, 1, 13, 163
"c:\Users\Hp\OneDrive\Desktop\2026 plan\Sila\sila_app\lib\core\presentation\widgets\sila_card.dart", "Dart", 0, 0, 0, 0, 0, 0, 0, 42, 0, 0, 0, 0, 0, 0, 0, 6, 48
"c:\Users\Hp\OneDrive\Desktop\2026 plan\Sila\sila_app\lib\core\presentation\widgets\sila_cta_button.dart", "Dart", 0, 0, 0, 0, 0, 0, 0, 44, 0, 0, 0, 0, 0, 0, 0, 4, 48
"c:\Users\Hp\OneDrive\Desktop\2026 plan\Sila\sila_app\lib\core\presentation\widgets\update_dialog.dart", "Dart", 0, 0, 0, 0, 0, 0, 0, 188, 0, 0, 0, 0, 0, 0, 0, 9, 197
"c:\Users\Hp\OneDrive\Desktop\2026 plan\Sila\sila_app\lib\core\providers\audio_download_provider.dart", "Dart", 0, 0, 0, 0, 0, 0, 0, 150, 0, 0, 0, 0, 0, 0, 0, 18, 168
"c:\Users\Hp\OneDrive\Desktop\2026 plan\Sila\sila_app\lib\core\providers\reciter_provider.dart", "Dart", 0, 0, 0, 0, 0, 0, 0, 32, 0, 0, 0, 0, 0, 0, 0, 8, 40
"c:\Users\Hp\OneDrive\Desktop\2026 plan\Sila\sila_app\lib\core\providers\reciter_provider.g.dart", "Dart", 0, 0, 0, 0, 0, 0, 0, 14, 0, 0, 0, 0, 0, 0, 7, 6, 27
"c:\Users\Hp\OneDrive\Desktop\2026 plan\Sila\sila_app\lib\core\services\adhan_scheduler_service.dart", "Dart", 0, 0, 0, 0, 0, 0, 0, 285, 0, 0, 0, 0, 0, 0, 30, 49, 364
"c:\Users\Hp\OneDrive\Desktop\2026 plan\Sila\sila_app\lib\core\services\analytics_service.dart", "Dart", 0, 0, 0, 0, 0, 0, 0, 138, 0, 0, 0, 0, 0, 0, 0, 24, 162
"c:\Users\Hp\OneDrive\Desktop\2026 plan\Sila\sila_app\lib\core\services\analytics_service.g.dart", "Dart", 0, 0, 0, 0, 0, 0, 0, 13, 0, 0, 0, 0, 0, 0, 7, 6, 26
"c:\Users\Hp\OneDrive\Desktop\2026 plan\Sila\sila_app\lib\core\services\audio_download_service.dart", "Dart", 0, 0, 0, 0, 0, 0, 0, 85, 0, 0, 0, 0, 0, 0, 0, 14, 99
"c:\Users\Hp\OneDrive\Desktop\2026 plan\Sila\sila_app\lib\core\services\isar_service.dart", "Dart", 0, 0, 0, 0, 0, 0, 0, 84, 0, 0, 0, 0, 0, 0, 0, 10, 94
"c:\Users\Hp\OneDrive\Desktop\2026 plan\Sila\sila_app\lib\core\services\location_service.dart", "Dart", 0, 0, 0, 0, 0, 0, 0, 55, 0, 0, 0, 0, 0, 0, 3, 13, 71
"c:\Users\Hp\OneDrive\Desktop\2026 plan\Sila\sila_app\lib\core\services\notification_service.dart", "Dart", 0, 0, 0, 0, 0, 0, 0, 681, 0, 0, 0, 0, 0, 0, 9, 87, 777
"c:\Users\Hp\OneDrive\Desktop\2026 plan\Sila\sila_app\lib\core\services\prefs_service.dart", "Dart", 0, 0, 0, 0, 0, 0, 0, 100, 0, 0, 0, 0, 0, 0, 4, 25, 129
"c:\Users\Hp\OneDrive\Desktop\2026 plan\Sila\sila_app\lib\core\services\reciter_service.dart", "Dart", 0, 0, 0, 0, 0, 0, 0, 152, 0, 0, 0, 0, 0, 0, 0, 7, 159
"c:\Users\Hp\OneDrive\Desktop\2026 plan\Sila\sila_app\lib\core\services\remote_config_service.dart", "Dart", 0, 0, 0, 0, 0, 0, 0, 78, 0, 0, 0, 0, 0, 0, 0, 15, 93
"c:\Users\Hp\OneDrive\Desktop\2026 plan\Sila\sila_app\lib\core\services\remote_config_service.g.dart", "Dart", 0, 0, 0, 0, 0, 0, 0, 15, 0, 0, 0, 0, 0, 0, 7, 6, 28
"c:\Users\Hp\OneDrive\Desktop\2026 plan\Sila\sila_app\lib\core\services\tafsir_service.dart", "Dart", 0, 0, 0, 0, 0, 0, 0, 21, 0, 0, 0, 0, 0, 0, 3, 6, 30
"c:\Users\Hp\OneDrive\Desktop\2026 plan\Sila\sila_app\lib\core\services\timezone_service.dart", "Dart", 0, 0, 0, 0, 0, 0, 0, 111, 0, 0, 0, 0, 0, 0, 29, 27, 167
"c:\Users\Hp\OneDrive\Desktop\2026 plan\Sila\sila_app\lib\core\services\update_service.dart", "Dart", 0, 0, 0, 0, 0, 0, 0, 67, 0, 0, 0, 0, 0, 0, 0, 14, 81
"c:\Users\Hp\OneDrive\Desktop\2026 plan\Sila\sila_app\lib\core\services\update_service.g.dart", "Dart", 0, 0, 0, 0, 0, 0, 0, 13, 0, 0, 0, 0, 0, 0, 7, 6, 26
"c:\Users\Hp\OneDrive\Desktop\2026 plan\Sila\sila_app\lib\core\theme\app_theme.dart", "Dart", 0, 0, 0, 0, 0, 0, 0, 61, 0, 0, 0, 0, 0, 0, 3, 4, 68
"c:\Users\Hp\OneDrive\Desktop\2026 plan\Sila\sila_app\lib\core\utils\surah_utils.dart", "Dart", 0, 0, 0, 0, 0, 0, 0, 13, 0, 0, 0, 0, 0, 0, 2, 2, 17
"c:\Users\Hp\OneDrive\Desktop\2026 plan\Sila\sila_app\lib\features\azkar\data\models\azkar_model.dart", "Dart", 0, 0, 0, 0, 0, 0, 0, 13, 0, 0, 0, 0, 0, 0, 0, 3, 16
"c:\Users\Hp\OneDrive\Desktop\2026 plan\Sila\sila_app\lib\features\azkar\data\repositories\azkar_repository.dart", "Dart", 0, 0, 0, 0, 0, 0, 0, 25, 0, 0, 0, 0, 0, 0, 1, 5, 31
"c:\Users\Hp\OneDrive\Desktop\2026 plan\Sila\sila_app\lib\features\azkar\presentation\pages\azkar_detail_page.dart", "Dart", 0, 0, 0, 0, 0, 0, 0, 382, 0, 0, 0, 0, 0, 0, 13, 22, 417
"c:\Users\Hp\OneDrive\Desktop\2026 plan\Sila\sila_app\lib\features\azkar\presentation\pages\azkar_page.dart", "Dart", 0, 0, 0, 0, 0, 0, 0, 209, 0, 0, 0, 0, 0, 0, 1, 8, 218
"c:\Users\Hp\OneDrive\Desktop\2026 plan\Sila\sila_app\lib\features\azkar\presentation\pages\tasbih_page.dart", "Dart", 0, 0, 0, 0, 0, 0, 0, 198, 0, 0, 0, 0, 0, 0, 5, 13, 216
"c:\Users\Hp\OneDrive\Desktop\2026 plan\Sila\sila_app\lib\features\azkar\presentation\riverpod\azkar_controller.dart", "Dart", 0, 0, 0, 0, 0, 0, 0, 13, 0, 0, 0, 0, 0, 0, 0, 4, 17
"c:\Users\Hp\OneDrive\Desktop\2026 plan\Sila\sila_app\lib\features\azkar\presentation\riverpod\azkar_controller.g.dart", "Dart", 0, 0, 0, 0, 0, 0, 0, 26, 0, 0, 0, 0, 0, 0, 8, 8, 42
"c:\Users\Hp\OneDrive\Desktop\2026 plan\Sila\sila_app\lib\features\azkar\presentation\widgets\azkar_category_card.dart", "Dart", 0, 0, 0, 0, 0, 0, 0, 66, 0, 0, 0, 0, 0, 0, 1, 5, 72
"c:\Users\Hp\OneDrive\Desktop\2026 plan\Sila\sila_app\lib\features\hifz\core\hifz_constants.dart", "Dart", 0, 0, 0, 0, 0, 0, 0, 8, 0, 0, 0, 0, 0, 0, 0, 2, 10
"c:\Users\Hp\OneDrive\Desktop\2026 plan\Sila\sila_app\lib\features\hifz\data\models\hifz_moment.dart", "Dart", 0, 0, 0, 0, 0, 0, 0, 11, 0, 0, 0, 0, 0, 0, 0, 4, 15
"c:\Users\Hp\OneDrive\Desktop\2026 plan\Sila\sila_app\lib\features\hifz\data\models\hifz_moment.g.dart", "Dart", 0, 0, 0, 0, 0, 0, 0, 820, 0, 0, 0, 0, 0, 0, 6, 90, 916
"c:\Users\Hp\OneDrive\Desktop\2026 plan\Sila\sila_app\lib\features\hifz\data\models\hifz_session.dart", "Dart", 0, 0, 0, 0, 0, 0, 0, 14, 0, 0, 0, 0, 0, 0, 0, 4, 18
"c:\Users\Hp\OneDrive\Desktop\2026 plan\Sila\sila_app\lib\features\hifz\data\models\hifz_session.g.dart", "Dart", 0, 0, 0, 0, 0, 0, 0, 1025, 0, 0, 0, 0, 0, 0, 6, 114, 1145
"c:\Users\Hp\OneDrive\Desktop\2026 plan\Sila\sila_app\lib\features\hifz\data\models\hifz_settings.dart", "Dart", 0, 0, 0, 0, 0, 0, 0, 41, 0, 0, 0, 0, 0, 0, 0, 8, 49
"c:\Users\Hp\OneDrive\Desktop\2026 plan\Sila\sila_app\lib\features\hifz\data\models\hifz_settings.g.dart", "Dart", 0, 0, 0, 0, 0, 0, 0, 963, 0, 0, 0, 0, 0, 0, 6, 113, 1082
"c:\Users\Hp\OneDrive\Desktop\2026 plan\Sila\sila_app\lib\features\hifz\data\models\hifz_user_profile.dart", "Dart", 0, 0, 0, 0, 0, 0, 0, 12, 0, 0, 0, 0, 0, 0, 0, 4, 16
"c:\Users\Hp\OneDrive\Desktop\2026 plan\Sila\sila_app\lib\features\hifz\data\models\hifz_user_profile.g.dart", "Dart", 0, 0, 0, 0, 0, 0, 0, 759, 0, 0, 0, 0, 0, 0, 6, 85, 850
"c:\Users\Hp\OneDrive\Desktop\2026 plan\Sila\sila_app\lib\features\hifz\data\models\hifz_verse_record.dart", "Dart", 0, 0, 0, 0, 0, 0, 0, 15, 0, 0, 0, 0, 0, 0, 0, 4, 19
"c:\Users\Hp\OneDrive\Desktop\2026 plan\Sila\sila_app\lib\features\hifz\data\models\hifz_verse_record.g.dart", "Dart", 0, 0, 0, 0, 0, 0, 0, 1183, 0, 0, 0, 0, 0, 0, 6, 124, 1313
"c:\Users\Hp\OneDrive\Desktop\2026 plan\Sila\sila_app\lib\features\hifz\data\repositories\hifz_repository_provider.dart", "Dart", 0, 0, 0, 0, 0, 0, 0, 8, 0, 0, 0, 0, 0, 0, 0, 2, 10
"c:\Users\Hp\OneDrive\Desktop\2026 plan\Sila\sila_app\lib\features\hifz\data\repositories\i_hifz_repository.dart", "Dart", 0, 0, 0, 0, 0, 0, 0, 19, 0, 0, 0, 0, 0, 0, 0, 6, 25
"c:\Users\Hp\OneDrive\Desktop\2026 plan\Sila\sila_app\lib\features\hifz\data\repositories\isar_hifz_repository.dart", "Dart", 0, 0, 0, 0, 0, 0, 0, 85, 0, 0, 0, 0, 0, 0, 3, 17, 105
"c:\Users\Hp\OneDrive\Desktop\2026 plan\Sila\sila_app\lib\features\hifz\domain\hasanat_calculator.dart", "Dart", 0, 0, 0, 0, 0, 0, 0, 36, 0, 0, 0, 0, 0, 0, 0, 7, 43
"c:\Users\Hp\OneDrive\Desktop\2026 plan\Sila\sila_app\lib\features\hifz\domain\hifz_selection.dart", "Dart", 0, 0, 0, 0, 0, 0, 0, 17, 0, 0, 0, 0, 0, 0, 0, 3, 20
"c:\Users\Hp\OneDrive\Desktop\2026 plan\Sila\sila_app\lib\features\hifz\domain\plan_generator.dart", "Dart", 0, 0, 0, 0, 0, 0, 0, 63, 0, 0, 0, 0, 0, 0, 0, 13, 76
"c:\Users\Hp\OneDrive\Desktop\2026 plan\Sila\sila_app\lib\features\hifz\domain\smart_word_matcher.dart", "Dart", 0, 0, 0, 0, 0, 0, 0, 114, 0, 0, 0, 0, 0, 0, 0, 26, 140
"c:\Users\Hp\OneDrive\Desktop\2026 plan\Sila\sila_app\lib\features\hifz\domain\spaced_repetition_engine.dart", "Dart", 0, 0, 0, 0, 0, 0, 0, 36, 0, 0, 0, 0, 0, 0, 0, 6, 42
"c:\Users\Hp\OneDrive\Desktop\2026 plan\Sila\sila_app\lib\features\hifz\presentation\controllers\hifz_home_controller.dart", "Dart", 0, 0, 0, 0, 0, 0, 0, 264, 0, 0, 0, 0, 0, 0, 0, 38, 302
"c:\Users\Hp\OneDrive\Desktop\2026 plan\Sila\sila_app\lib\features\hifz\presentation\controllers\hifz_home_controller.g.dart", "Dart", 0, 0, 0, 0, 0, 0, 0, 15, 0, 0, 0, 0, 0, 0, 7, 6, 28
"c:\Users\Hp\OneDrive\Desktop\2026 plan\Sila\sila_app\lib\features\hifz\presentation\controllers\hifz_onboarding_controller.dart", "Dart", 0, 0, 0, 0, 0, 0, 0, 162, 0, 0, 0, 0, 0, 0, 0, 29, 191
"c:\Users\Hp\OneDrive\Desktop\2026 plan\Sila\sila_app\lib\features\hifz\presentation\controllers\hifz_onboarding_controller.g.dart", "Dart", 0, 0, 0, 0, 0, 0, 0, 15, 0, 0, 0, 0, 0, 0, 7, 6, 28
"c:\Users\Hp\OneDrive\Desktop\2026 plan\Sila\sila_app\lib\features\hifz\presentation\controllers\hifz_settings_controller.dart", "Dart", 0, 0, 0, 0, 0, 0, 0, 47, 0, 0, 0, 0, 0, 0, 0, 6, 53
"c:\Users\Hp\OneDrive\Desktop\2026 plan\Sila\sila_app\lib\features\hifz\presentation\controllers\hifz_settings_controller.g.dart", "Dart", 0, 0, 0, 0, 0, 0, 0, 15, 0, 0, 0, 0, 0, 0, 7, 6, 28
"c:\Users\Hp\OneDrive\Desktop\2026 plan\Sila\sila_app\lib\features\hifz\presentation\controllers\interactive_shadow_controller.dart", "Dart", 0, 0, 0, 0, 0, 0, 0, 707, 0, 0, 0, 0, 0, 0, 0, 95, 802
"c:\Users\Hp\OneDrive\Desktop\2026 plan\Sila\sila_app\lib\features\hifz\presentation\controllers\interactive_shadow_controller.g.dart", "Dart", 0, 0, 0, 0, 0, 0, 0, 16, 0, 0, 0, 0, 0, 0, 7, 6, 29
"c:\Users\Hp\OneDrive\Desktop\2026 plan\Sila\sila_app\lib\features\hifz\presentation\pages\hifz_home_page.dart", "Dart", 0, 0, 0, 0, 0, 0, 0, 949, 0, 0, 0, 0, 0, 0, 4, 34, 987
"c:\Users\Hp\OneDrive\Desktop\2026 plan\Sila\sila_app\lib\features\hifz\presentation\pages\hifz_onboarding_page.dart", "Dart", 0, 0, 0, 0, 0, 0, 0, 825, 0, 0, 0, 0, 0, 0, 0, 52, 877
"c:\Users\Hp\OneDrive\Desktop\2026 plan\Sila\sila_app\lib\features\hifz\presentation\pages\hifz_settings_page.dart", "Dart", 0, 0, 0, 0, 0, 0, 0, 179, 0, 0, 0, 0, 0, 0, 0, 10, 189
"c:\Users\Hp\OneDrive\Desktop\2026 plan\Sila\sila_app\lib\features\hifz\presentation\pages\methods\interactive_shadow_page.dart", "Dart", 0, 0, 0, 0, 0, 0, 0, 1590, 0, 0, 0, 0, 0, 0, 2, 105, 1697
"c:\Users\Hp\OneDrive\Desktop\2026 plan\Sila\sila_app\lib\features\hifz\services\hifz_audio_session_manager.dart", "Dart", 0, 0, 0, 0, 0, 0, 0, 97, 0, 0, 0, 0, 0, 0, 0, 14, 111
"c:\Users\Hp\OneDrive\Desktop\2026 plan\Sila\sila_app\lib\features\home\presentation\pages\home_page.dart", "Dart", 0, 0, 0, 0, 0, 0, 0, 286, 0, 0, 0, 0, 0, 0, 7, 23, 316
"c:\Users\Hp\OneDrive\Desktop\2026 plan\Sila\sila_app\lib\features\home\presentation\providers\last_notification_provider.dart", "Dart", 0, 0, 0, 0, 0, 0, 0, 51, 0, 0, 0, 0, 0, 0, 1, 9, 61
"c:\Users\Hp\OneDrive\Desktop\2026 plan\Sila\sila_app\lib\features\home\presentation\providers\last_notification_provider.g.dart", "Dart", 0, 0, 0, 0, 0, 0, 0, 14, 0, 0, 0, 0, 0, 0, 7, 6, 27
"c:\Users\Hp\OneDrive\Desktop\2026 plan\Sila\sila_app\lib\features\home\presentation\widgets\daily_content_card.dart", "Dart", 0, 0, 0, 0, 0, 0, 0, 134, 0, 0, 0, 0, 0, 0, 1, 6, 141
"c:\Users\Hp\OneDrive\Desktop\2026 plan\Sila\sila_app\lib\features\home\presentation\widgets\home_header.dart", "Dart", 0, 0, 0, 0, 0, 0, 0, 203, 0, 0, 0, 0, 0, 0, 2, 11, 216
"c:\Users\Hp\OneDrive\Desktop\2026 plan\Sila\sila_app\lib\features\home\presentation\widgets\last_read_card.dart", "Dart", 0, 0, 0, 0, 0, 0, 0, 105, 0, 0, 0, 0, 0, 0, 0, 7, 112
"c:\Users\Hp\OneDrive\Desktop\2026 plan\Sila\sila_app\lib\features\home\presentation\widgets\next_prayer_card.dart", "Dart", 0, 0, 0, 0, 0, 0, 0, 122, 0, 0, 0, 0, 0, 0, 1, 15, 138
"c:\Users\Hp\OneDrive\Desktop\2026 plan\Sila\sila_app\lib\features\ibadah_tracker\data\models\ibadah_content.dart", "Dart", 0, 0, 0, 0, 0, 0, 0, 41, 0, 0, 0, 0, 0, 0, 0, 4, 45
"c:\Users\Hp\OneDrive\Desktop\2026 plan\Sila\sila_app\lib\features\ibadah_tracker\data\models\ibadah_record.dart", "Dart", 0, 0, 0, 0, 0, 0, 0, 51, 0, 0, 0, 0, 0, 0, 0, 9, 60
"c:\Users\Hp\OneDrive\Desktop\2026 plan\Sila\sila_app\lib\features\ibadah_tracker\data\models\ibadah_record.g.dart", "Dart", 0, 0, 0, 0, 0, 0, 0, 1893, 0, 0, 0, 0, 0, 0, 6, 228, 2127
"c:\Users\Hp\OneDrive\Desktop\2026 plan\Sila\sila_app\lib\features\ibadah_tracker\data\models\user_gender_prefs.dart", "Dart", 0, 0, 0, 0, 0, 0, 0, 9, 0, 0, 0, 0, 0, 0, 0, 4, 13
"c:\Users\Hp\OneDrive\Desktop\2026 plan\Sila\sila_app\lib\features\ibadah_tracker\data\models\user_gender_prefs.g.dart", "Dart", 0, 0, 0, 0, 0, 0, 0, 429, 0, 0, 0, 0, 0, 0, 6, 52, 487
"c:\Users\Hp\OneDrive\Desktop\2026 plan\Sila\sila_app\lib\features\ibadah_tracker\data\repositories\i_ibadah_repository.dart", "Dart", 0, 0, 0, 0, 0, 0, 0, 30, 0, 0, 0, 0, 0, 0, 0, 4, 34
"c:\Users\Hp\OneDrive\Desktop\2026 plan\Sila\sila_app\lib\features\ibadah_tracker\data\repositories\isar_ibadah_repository.dart", "Dart", 0, 0, 0, 0, 0, 0, 0, 171, 0, 0, 0, 0, 0, 0, 0, 17, 188
"c:\Users\Hp\OneDrive\Desktop\2026 plan\Sila\sila_app\lib\features\ibadah_tracker\domain\comparison_engine.dart", "Dart", 0, 0, 0, 0, 0, 0, 0, 27, 0, 0, 0, 0, 0, 0, 0, 3, 30
"c:\Users\Hp\OneDrive\Desktop\2026 plan\Sila\sila_app\lib\features\ibadah_tracker\domain\daily_status_calculator.dart", "Dart", 0, 0, 0, 0, 0, 0, 0, 333, 0, 0, 0, 0, 0, 0, 2, 13, 348
"c:\Users\Hp\OneDrive\Desktop\2026 plan\Sila\sila_app\lib\features\ibadah_tracker\domain\ibadah_content_selector.dart", "Dart", 0, 0, 0, 0, 0, 0, 0, 185, 0, 0, 0, 0, 0, 0, 0, 20, 205
"c:\Users\Hp\OneDrive\Desktop\2026 plan\Sila\sila_app\lib\features\ibadah_tracker\presentation\controllers\custom_ibadah_controller.dart", "Dart", 0, 0, 0, 0, 0, 0, 0, 28, 0, 0, 0, 0, 0, 0, 0, 6, 34
"c:\Users\Hp\OneDrive\Desktop\2026 plan\Sila\sila_app\lib\features\ibadah_tracker\presentation\controllers\daily_report_controller.dart", "Dart", 0, 0, 0, 0, 0, 0, 0, 23, 0, 0, 0, 0, 0, 0, 0, 6, 29
"c:\Users\Hp\OneDrive\Desktop\2026 plan\Sila\sila_app\lib\features\ibadah_tracker\presentation\controllers\ibadah_tracker_controller.dart", "Dart", 0, 0, 0, 0, 0, 0, 0, 140, 0, 0, 0, 0, 0, 0, 0, 23, 163
"c:\Users\Hp\OneDrive\Desktop\2026 plan\Sila\sila_app\lib\features\ibadah_tracker\presentation\pages\daily_report_page.dart", "Dart", 0, 0, 0, 0, 0, 0, 0, 893, 0, 0, 0, 0, 0, 0, 0, 49, 942
"c:\Users\Hp\OneDrive\Desktop\2026 plan\Sila\sila_app\lib\features\ibadah_tracker\presentation\pages\ibadah_detail_sheet.dart", "Dart", 0, 0, 0, 0, 0, 0, 0, 300, 0, 0, 0, 0, 0, 0, 0, 14, 314
"c:\Users\Hp\OneDrive\Desktop\2026 plan\Sila\sila_app\lib\features\ibadah_tracker\presentation\pages\ibadah_tracker_tab.dart", "Dart", 0, 0, 0, 0, 0, 0, 0, 615, 0, 0, 0, 0, 0, 0, 5, 37, 657
"c:\Users\Hp\OneDrive\Desktop\2026 plan\Sila\sila_app\lib\features\notifications\data\models\notification_content.dart", "Dart", 0, 0, 0, 0, 0, 0, 0, 23, 0, 0, 0, 0, 0, 0, 0, 6, 29
"c:\Users\Hp\OneDrive\Desktop\2026 plan\Sila\sila_app\lib\features\notifications\data\models\notification_content.g.dart", "Dart", 0, 0, 0, 0, 0, 0, 0, 2946, 0, 0, 0, 0, 0, 0, 6, 279, 3231
"c:\Users\Hp\OneDrive\Desktop\2026 plan\Sila\sila_app\lib\features\notifications\data\models\notification_settings.dart", "Dart", 0, 0, 0, 0, 0, 0, 0, 17, 0, 0, 0, 0, 0, 0, 0, 8, 25
"c:\Users\Hp\OneDrive\Desktop\2026 plan\Sila\sila_app\lib\features\notifications\data\models\notification_settings.g.dart", "Dart", 0, 0, 0, 0, 0, 0, 0, 1725, 0, 0, 0, 0, 0, 0, 6, 166, 1897
"c:\Users\Hp\OneDrive\Desktop\2026 plan\Sila\sila_app\lib\features\notifications\data\models\user_activity_log.dart", "Dart", 0, 0, 0, 0, 0, 0, 0, 12, 0, 0, 0, 0, 0, 0, 0, 4, 16
"c:\Users\Hp\OneDrive\Desktop\2026 plan\Sila\sila_app\lib\features\notifications\data\models\user_activity_log.g.dart", "Dart", 0, 0, 0, 0, 0, 0, 0, 882, 0, 0, 0, 0, 0, 0, 6, 94, 982
"c:\Users\Hp\OneDrive\Desktop\2026 plan\Sila\sila_app\lib\features\notifications\data\notification_ids.dart", "Dart", 0, 0, 0, 0, 0, 0, 0, 35, 0, 0, 0, 0, 0, 0, 1, 4, 40
"c:\Users\Hp\OneDrive\Desktop\2026 plan\Sila\sila_app\lib\features\notifications\data\repositories\i_notification_repository.dart", "Dart", 0, 0, 0, 0, 0, 0, 0, 14, 0, 0, 0, 0, 0, 0, 0, 5, 19
"c:\Users\Hp\OneDrive\Desktop\2026 plan\Sila\sila_app\lib\features\notifications\data\repositories\isar_notification_repository.dart", "Dart", 0, 0, 0, 0, 0, 0, 0, 158, 0, 0, 0, 0, 0, 0, 1, 23, 182
"c:\Users\Hp\OneDrive\Desktop\2026 plan\Sila\sila_app\lib\features\notifications\domain\content_selector.dart", "Dart", 0, 0, 0, 0, 0, 0, 0, 32, 0, 0, 0, 0, 0, 0, 0, 8, 40
"c:\Users\Hp\OneDrive\Desktop\2026 plan\Sila\sila_app\lib\features\notifications\domain\smart_notification_engine.dart", "Dart", 0, 0, 0, 0, 0, 0, 0, 53, 0, 0, 0, 0, 0, 0, 0, 7, 60
"c:\Users\Hp\OneDrive\Desktop\2026 plan\Sila\sila_app\lib\features\notifications\domain\streak_tracker.dart", "Dart", 0, 0, 0, 0, 0, 0, 0, 72, 0, 0, 0, 0, 0, 0, 0, 9, 81
"c:\Users\Hp\OneDrive\Desktop\2026 plan\Sila\sila_app\lib\features\notifications\presentation\controllers\notification_detail_controller.dart", "Dart", 0, 0, 0, 0, 0, 0, 0, 9, 0, 0, 0, 0, 0, 0, 0, 2, 11
"c:\Users\Hp\OneDrive\Desktop\2026 plan\Sila\sila_app\lib\features\notifications\presentation\controllers\notification_providers.dart", "Dart", 0, 0, 0, 0, 0, 0, 0, 48, 0, 0, 0, 0, 0, 0, 0, 6, 54
"c:\Users\Hp\OneDrive\Desktop\2026 plan\Sila\sila_app\lib\features\notifications\presentation\controllers\notification_settings_controller.dart", "Dart", 0, 0, 0, 0, 0, 0, 0, 89, 0, 0, 0, 0, 0, 0, 0, 13, 102
"c:\Users\Hp\OneDrive\Desktop\2026 plan\Sila\sila_app\lib\features\notifications\presentation\pages\notification_detail_page.dart", "Dart", 0, 0, 0, 0, 0, 0, 0, 377, 0, 0, 0, 0, 0, 0, 0, 19, 396
"c:\Users\Hp\OneDrive\Desktop\2026 plan\Sila\sila_app\lib\features\notifications\presentation\pages\notification_hub_page.dart", "Dart", 0, 0, 0, 0, 0, 0, 0, 137, 0, 0, 0, 0, 0, 0, 0, 7, 144
"c:\Users\Hp\OneDrive\Desktop\2026 plan\Sila\sila_app\lib\features\notifications\presentation\pages\settings\_notification_settings_sheet.dart", "Dart", 0, 0, 0, 0, 0, 0, 0, 460, 0, 0, 0, 0, 0, 0, 0, 14, 474
"c:\Users\Hp\OneDrive\Desktop\2026 plan\Sila\sila_app\lib\features\notifications\presentation\pages\settings\azkar_notification_settings.dart", "Dart", 0, 0, 0, 0, 0, 0, 0, 11, 0, 0, 0, 0, 0, 0, 0, 3, 14
"c:\Users\Hp\OneDrive\Desktop\2026 plan\Sila\sila_app\lib\features\notifications\presentation\pages\settings\hifz_notification_settings.dart", "Dart", 0, 0, 0, 0, 0, 0, 0, 11, 0, 0, 0, 0, 0, 0, 0, 3, 14
"c:\Users\Hp\OneDrive\Desktop\2026 plan\Sila\sila_app\lib\features\notifications\presentation\pages\settings\salah_notification_settings.dart", "Dart", 0, 0, 0, 0, 0, 0, 0, 11, 0, 0, 0, 0, 0, 0, 0, 3, 14
"c:\Users\Hp\OneDrive\Desktop\2026 plan\Sila\sila_app\lib\features\notifications\presentation\pages\settings\tasbih_notification_settings.dart", "Dart", 0, 0, 0, 0, 0, 0, 0, 11, 0, 0, 0, 0, 0, 0, 0, 3, 14
"c:\Users\Hp\OneDrive\Desktop\2026 plan\Sila\sila_app\lib\features\notifications\presentation\pages\settings\wird_notification_settings.dart", "Dart", 0, 0, 0, 0, 0, 0, 0, 11, 0, 0, 0, 0, 0, 0, 0, 3, 14
"c:\Users\Hp\OneDrive\Desktop\2026 plan\Sila\sila_app\lib\features\notifications\presentation\widgets\streak_badge.dart", "Dart", 0, 0, 0, 0, 0, 0, 0, 31, 0, 0, 0, 0, 0, 0, 0, 5, 36
"c:\Users\Hp\OneDrive\Desktop\2026 plan\Sila\sila_app\lib\features\notifications\presentation\widgets\streak_summary_card.dart", "Dart", 0, 0, 0, 0, 0, 0, 0, 153, 0, 0, 0, 0, 0, 0, 1, 7, 161
"c:\Users\Hp\OneDrive\Desktop\2026 plan\Sila\sila_app\lib\features\onboarding\presentation\pages\language_selection_page.dart", "Dart", 0, 0, 0, 0, 0, 0, 0, 146, 0, 0, 0, 0, 0, 0, 8, 17, 171
"c:\Users\Hp\OneDrive\Desktop\2026 plan\Sila\sila_app\lib\features\prayers\data\repositories\prayer_repository_impl.dart", "Dart", 0, 0, 0, 0, 0, 0, 0, 183, 0, 0, 0, 0, 0, 0, 16, 25, 224
"c:\Users\Hp\OneDrive\Desktop\2026 plan\Sila\sila_app\lib\features\prayers\domain\entities\prayer_times_entity.dart", "Dart", 0, 0, 0, 0, 0, 0, 0, 32, 0, 0, 0, 0, 0, 0, 0, 4, 36
"c:\Users\Hp\OneDrive\Desktop\2026 plan\Sila\sila_app\lib\features\prayers\domain\repositories\prayer_repository.dart", "Dart", 0, 0, 0, 0, 0, 0, 0, 6, 0, 0, 0, 0, 0, 0, 3, 3, 12
"c:\Users\Hp\OneDrive\Desktop\2026 plan\Sila\sila_app\lib\features\prayers\presentation\pages\adhan_settings_page.dart", "Dart", 0, 0, 0, 0, 0, 0, 0, 279, 0, 0, 0, 0, 0, 0, 5, 27, 311
"c:\Users\Hp\OneDrive\Desktop\2026 plan\Sila\sila_app\lib\features\prayers\presentation\pages\prayer_settings_page.dart", "Dart", 0, 0, 0, 0, 0, 0, 0, 324, 0, 0, 0, 0, 0, 0, 3, 27, 354
"c:\Users\Hp\OneDrive\Desktop\2026 plan\Sila\sila_app\lib\features\prayers\presentation\pages\prayers_page.dart", "Dart", 0, 0, 0, 0, 0, 0, 0, 423, 0, 0, 0, 0, 0, 0, 4, 21, 448
"c:\Users\Hp\OneDrive\Desktop\2026 plan\Sila\sila_app\lib\features\prayers\presentation\pages\qiblah_page.dart", "Dart", 0, 0, 0, 0, 0, 0, 0, 131, 0, 0, 0, 0, 0, 0, 23, 21, 175
"c:\Users\Hp\OneDrive\Desktop\2026 plan\Sila\sila_app\lib\features\prayers\presentation\riverpod\prayer_controller.dart", "Dart", 0, 0, 0, 0, 0, 0, 0, 34, 0, 0, 0, 0, 0, 0, 3, 7, 44
"c:\Users\Hp\OneDrive\Desktop\2026 plan\Sila\sila_app\lib\features\prayers\presentation\riverpod\prayer_controller.g.dart", "Dart", 0, 0, 0, 0, 0, 0, 0, 42, 0, 0, 0, 0, 0, 0, 9, 10, 61
"c:\Users\Hp\OneDrive\Desktop\2026 plan\Sila\sila_app\lib\features\prayers\presentation\widgets\location_settings_dialog.dart", "Dart", 0, 0, 0, 0, 0, 0, 0, 109, 0, 0, 0, 0, 0, 0, 1, 9, 119
"c:\Users\Hp\OneDrive\Desktop\2026 plan\Sila\sila_app\lib\features\quran\data\datasources\quran_local_data_source.dart", "Dart", 0, 0, 0, 0, 0, 0, 0, 31, 0, 0, 0, 0, 0, 0, 0, 6, 37
"c:\Users\Hp\OneDrive\Desktop\2026 plan\Sila\sila_app\lib\features\quran\data\models\ayah_model.dart", "Dart", 0, 0, 0, 0, 0, 0, 0, 15, 0, 0, 0, 0, 0, 0, 0, 5, 20
"c:\Users\Hp\OneDrive\Desktop\2026 plan\Sila\sila_app\lib\features\quran\data\models\ayah_model.g.dart", "Dart", 0, 0, 0, 0, 0, 0, 0, 13, 0, 0, 0, 0, 0, 0, 4, 5, 22
"c:\Users\Hp\OneDrive\Desktop\2026 plan\Sila\sila_app\lib\features\quran\data\models\surah_model.dart", "Dart", 0, 0, 0, 0, 0, 0, 0, 20, 0, 0, 0, 0, 0, 0, 0, 6, 26
"c:\Users\Hp\OneDrive\Desktop\2026 plan\Sila\sila_app\lib\features\quran\data\models\surah_model.g.dart", "Dart", 0, 0, 0, 0, 0, 0, 0, 22, 0, 0, 0, 0, 0, 0, 4, 5, 31
"c:\Users\Hp\OneDrive\Desktop\2026 plan\Sila\sila_app\lib\features\quran\data\repositories\quran_repository_impl.dart", "Dart", 0, 0, 0, 0, 0, 0, 0, 30, 0, 0, 0, 0, 0, 0, 0, 5, 35
"c:\Users\Hp\OneDrive\Desktop\2026 plan\Sila\sila_app\lib\features\quran\domain\entities\ayah.dart", "Dart", 0, 0, 0, 0, 0, 0, 0, 15, 0, 0, 0, 0, 0, 0, 0, 4, 19
"c:\Users\Hp\OneDrive\Desktop\2026 plan\Sila\sila_app\lib\features\quran\domain\entities\quran_settings.dart", "Dart", 0, 0, 0, 0, 0, 0, 0, 25, 0, 0, 0, 0, 0, 0, 0, 6, 31
"c:\Users\Hp\OneDrive\Desktop\2026 plan\Sila\sila_app\lib\features\quran\domain\entities\surah.dart", "Dart", 0, 0, 0, 0, 0, 0, 0, 30, 0, 0, 0, 0, 0, 0, 0, 4, 34
"c:\Users\Hp\OneDrive\Desktop\2026 plan\Sila\sila_app\lib\features\quran\domain\repositories\quran_repository.dart", "Dart", 0, 0, 0, 0, 0, 0, 0, 7, 0, 0, 0, 0, 0, 0, 0, 2, 9
"c:\Users\Hp\OneDrive\Desktop\2026 plan\Sila\sila_app\lib\features\quran\domain\usecases\get_surah_detail.dart", "Dart", 0, 0, 0, 0, 0, 0, 0, 11, 0, 0, 0, 0, 0, 0, 0, 4, 15
"c:\Users\Hp\OneDrive\Desktop\2026 plan\Sila\sila_app\lib\features\quran\domain\usecases\get_surahs.dart", "Dart", 0, 0, 0, 0, 0, 0, 0, 11, 0, 0, 0, 0, 0, 0, 0, 4, 15
"c:\Users\Hp\OneDrive\Desktop\2026 plan\Sila\sila_app\lib\features\quran\presentation\pages\quran_page.dart", "Dart", 0, 0, 0, 0, 0, 0, 0, 264, 0, 0, 0, 0, 0, 0, 7, 9, 280
"c:\Users\Hp\OneDrive\Desktop\2026 plan\Sila\sila_app\lib\features\quran\presentation\pages\surah_detail_page.dart", "Dart", 0, 0, 0, 0, 0, 0, 0, 371, 0, 0, 0, 0, 0, 0, 0, 28, 399
"c:\Users\Hp\OneDrive\Desktop\2026 plan\Sila\sila_app\lib\features\quran\presentation\riverpod\audio_controller.dart", "Dart", 0, 0, 0, 0, 0, 0, 0, 273, 0, 0, 0, 0, 0, 0, 12, 61, 346
"c:\Users\Hp\OneDrive\Desktop\2026 plan\Sila\sila_app\lib\features\quran\presentation\riverpod\audio_controller.g.dart", "Dart", 0, 0, 0, 0, 0, 0, 0, 27, 0, 0, 0, 0, 0, 0, 8, 8, 43
"c:\Users\Hp\OneDrive\Desktop\2026 plan\Sila\sila_app\lib\features\quran\presentation\riverpod\quran_controller.dart", "Dart", 0, 0, 0, 0, 0, 0, 0, 59, 0, 0, 0, 0, 0, 0, 6, 10, 75
"c:\Users\Hp\OneDrive\Desktop\2026 plan\Sila\sila_app\lib\features\quran\presentation\riverpod\quran_controller.g.dart", "Dart", 0, 0, 0, 0, 0, 0, 0, 191, 0, 0, 0, 0, 0, 0, 23, 40, 254
"c:\Users\Hp\OneDrive\Desktop\2026 plan\Sila\sila_app\lib\features\quran\presentation\riverpod\quran_data_provider.dart", "Dart", 0, 0, 0, 0, 0, 0, 0, 53, 0, 0, 0, 0, 0, 0, 5, 13, 71
"c:\Users\Hp\OneDrive\Desktop\2026 plan\Sila\sila_app\lib\features\quran\presentation\riverpod\quran_settings_controller.dart", "Dart", 0, 0, 0, 0, 0, 0, 0, 34, 0, 0, 0, 0, 0, 0, 0, 8, 42
"c:\Users\Hp\OneDrive\Desktop\2026 plan\Sila\sila_app\lib\features\quran\presentation\riverpod\quran_settings_controller.g.dart", "Dart", 0, 0, 0, 0, 0, 0, 0, 15, 0, 0, 0, 0, 0, 0, 7, 6, 28
"c:\Users\Hp\OneDrive\Desktop\2026 plan\Sila\sila_app\lib\features\quran\presentation\riverpod\surah_autoplay_controller.dart", "Dart", 0, 0, 0, 0, 0, 0, 0, 179, 0, 0, 0, 0, 0, 0, 18, 27, 224
"c:\Users\Hp\OneDrive\Desktop\2026 plan\Sila\sila_app\lib\features\quran\presentation\utils\quran_ui_utils.dart", "Dart", 0, 0, 0, 0, 0, 0, 0, 73, 0, 0, 0, 0, 0, 0, 0, 14, 87
"c:\Users\Hp\OneDrive\Desktop\2026 plan\Sila\sila_app\lib\features\quran\presentation\widgets\quran_details_sheet.dart", "Dart", 0, 0, 0, 0, 0, 0, 0, 304, 0, 0, 0, 0, 0, 0, 4, 28, 336
"c:\Users\Hp\OneDrive\Desktop\2026 plan\Sila\sila_app\lib\features\sunan_mahjoura\data\sunan_data.dart", "Dart", 0, 0, 0, 0, 0, 0, 0, 152, 0, 0, 0, 0, 0, 0, 3, 7, 162
"c:\Users\Hp\OneDrive\Desktop\2026 plan\Sila\sila_app\lib\features\sunan_mahjoura\presentation\pages\sunan_list_page.dart", "Dart", 0, 0, 0, 0, 0, 0, 0, 152, 0, 0, 0, 0, 0, 0, 0, 4, 156
"c:\Users\Hp\OneDrive\Desktop\2026 plan\Sila\sila_app\lib\features\tasmi\data\models\tasmi_preferences.dart", "Dart", 0, 0, 0, 0, 0, 0, 0, 60, 0, 0, 0, 0, 0, 0, 0, 9, 69
"c:\Users\Hp\OneDrive\Desktop\2026 plan\Sila\sila_app\lib\features\tasmi\data\models\tasmi_session_stats.dart", "Dart", 0, 0, 0, 0, 0, 0, 0, 39, 0, 0, 0, 0, 0, 0, 0, 10, 49
"c:\Users\Hp\OneDrive\Desktop\2026 plan\Sila\sila_app\lib\features\tasmi\data\models\tasmi_word_entry.dart", "Dart", 0, 0, 0, 0, 0, 0, 0, 11, 0, 0, 0, 0, 0, 0, 1, 4, 16
"c:\Users\Hp\OneDrive\Desktop\2026 plan\Sila\sila_app\lib\features\tasmi\data\models\tasmi_word_error.dart", "Dart", 0, 0, 0, 0, 0, 0, 0, 12, 0, 0, 0, 0, 0, 0, 0, 5, 17
"c:\Users\Hp\OneDrive\Desktop\2026 plan\Sila\sila_app\lib\features\tasmi\data\models\tasmi_word_error.g.dart", "Dart", 0, 0, 0, 0, 0, 0, 0, 952, 0, 0, 0, 0, 0, 0, 6, 100, 1058
"c:\Users\Hp\OneDrive\Desktop\2026 plan\Sila\sila_app\lib\features\tasmi\data\repositories\i_tasmi_error_repository.dart", "Dart", 0, 0, 0, 0, 0, 0, 0, 7, 0, 0, 0, 0, 0, 0, 0, 3, 10
"c:\Users\Hp\OneDrive\Desktop\2026 plan\Sila\sila_app\lib\features\tasmi\data\repositories\isar_tasmi_error_repository.dart", "Dart", 0, 0, 0, 0, 0, 0, 0, 30, 0, 0, 0, 0, 0, 0, 5, 10, 45
"c:\Users\Hp\OneDrive\Desktop\2026 plan\Sila\sila_app\lib\features\tasmi\data\repositories\tasmi_preferences_repository.dart", "Dart", 0, 0, 0, 0, 0, 0, 0, 29, 0, 0, 0, 0, 0, 0, 0, 7, 36
"c:\Users\Hp\OneDrive\Desktop\2026 plan\Sila\sila_app\lib\features\tasmi\domain\tajweed_normalizer.dart", "Dart", 0, 0, 0, 0, 0, 0, 0, 133, 0, 0, 0, 0, 0, 0, 3, 35, 171
"c:\Users\Hp\OneDrive\Desktop\2026 plan\Sila\sila_app\lib\features\tasmi\presentation\controllers\tasmi_controller.dart", "Dart", 0, 0, 0, 0, 0, 0, 0, 379, 0, 0, 0, 0, 0, 0, 4, 54, 437
"c:\Users\Hp\OneDrive\Desktop\2026 plan\Sila\sila_app\lib\features\tasmi\presentation\controllers\tasmi_controller.g.dart", "Dart", 0, 0, 0, 0, 0, 0, 0, 14, 0, 0, 0, 0, 0, 0, 7, 6, 27
"c:\Users\Hp\OneDrive\Desktop\2026 plan\Sila\sila_app\lib\features\tasmi\presentation\pages\tasmi_onboarding_page.dart", "Dart", 0, 0, 0, 0, 0, 0, 0, 328, 0, 0, 0, 0, 0, 0, 0, 17, 345
"c:\Users\Hp\OneDrive\Desktop\2026 plan\Sila\sila_app\lib\features\tasmi\presentation\pages\tasmi_page.dart", "Dart", 0, 0, 0, 0, 0, 0, 0, 581, 0, 0, 0, 0, 0, 0, 0, 18, 599
"c:\Users\Hp\OneDrive\Desktop\2026 plan\Sila\sila_app\lib\features\tasmi\presentation\pages\tasmi_surah_selection_page.dart", "Dart", 0, 0, 0, 0, 0, 0, 0, 186, 0, 0, 0, 0, 0, 0, 0, 18, 204
"c:\Users\Hp\OneDrive\Desktop\2026 plan\Sila\sila_app\lib\features\tasmi\presentation\pages\widgets\ayah_range_bottom_sheet.dart", "Dart", 0, 0, 0, 0, 0, 0, 0, 366, 0, 0, 0, 0, 0, 0, 4, 14, 384
"c:\Users\Hp\OneDrive\Desktop\2026 plan\Sila\sila_app\lib\features\tasmi\presentation\pages\widgets\mushaf_tasmi_view.dart", "Dart", 0, 0, 0, 0, 0, 0, 0, 125, 0, 0, 0, 0, 0, 0, 4, 18, 147
"c:\Users\Hp\OneDrive\Desktop\2026 plan\Sila\sila_app\lib\features\tasmi\presentation\pages\widgets\search_and_filter_bar.dart", "Dart", 0, 0, 0, 0, 0, 0, 0, 59, 0, 0, 0, 0, 0, 0, 0, 9, 68
"c:\Users\Hp\OneDrive\Desktop\2026 plan\Sila\sila_app\lib\features\tasmi\presentation\pages\widgets\surah_list_item.dart", "Dart", 0, 0, 0, 0, 0, 0, 0, 108, 0, 0, 0, 0, 0, 0, 3, 7, 118
"c:\Users\Hp\OneDrive\Desktop\2026 plan\Sila\sila_app\lib\features\tasmi\presentation\pages\widgets\tasmi_action_button.dart", "Dart", 0, 0, 0, 0, 0, 0, 0, 120, 0, 0, 0, 0, 0, 0, 0, 8, 128
"c:\Users\Hp\OneDrive\Desktop\2026 plan\Sila\sila_app\lib\features\tasmi\presentation\pages\widgets\tasmi_correction_bubble.dart", "Dart", 0, 0, 0, 0, 0, 0, 0, 81, 0, 0, 0, 0, 0, 0, 0, 6, 87
"c:\Users\Hp\OneDrive\Desktop\2026 plan\Sila\sila_app\lib\features\tasmi\presentation\pages\widgets\tasmi_listening_indicator.dart", "Dart", 0, 0, 0, 0, 0, 0, 0, 114, 0, 0, 0, 0, 0, 0, 0, 10, 124
"c:\Users\Hp\OneDrive\Desktop\2026 plan\Sila\sila_app\lib\features\tasmi\presentation\pages\widgets\tasmi_page_header.dart", "Dart", 0, 0, 0, 0, 0, 0, 0, 181, 0, 0, 0, 0, 0, 0, 0, 8, 189
"c:\Users\Hp\OneDrive\Desktop\2026 plan\Sila\sila_app\lib\features\tasmi\presentation\pages\widgets\tasmi_selection_header.dart", "Dart", 0, 0, 0, 0, 0, 0, 0, 67, 0, 0, 0, 0, 0, 0, 0, 6, 73
"c:\Users\Hp\OneDrive\Desktop\2026 plan\Sila\sila_app\lib\features\tasmi\presentation\pages\widgets\tasmi_stats_row.dart", "Dart", 0, 0, 0, 0, 0, 0, 0, 98, 0, 0, 0, 0, 0, 0, 0, 10, 108
"c:\Users\Hp\OneDrive\Desktop\2026 plan\Sila\sila_app\lib\features\tasmi\presentation\pages\widgets\tasmi_word_chip.dart", "Dart", 0, 0, 0, 0, 0, 0, 0, 17, 0, 0, 0, 0, 0, 0, 0, 5, 22
"c:\Users\Hp\OneDrive\Desktop\2026 plan\Sila\sila_app\lib\features\tasmi\presentation\riverpod\tasmi_preferences_provider.dart", "Dart", 0, 0, 0, 0, 0, 0, 0, 27, 0, 0, 0, 0, 0, 0, 0, 6, 33
"c:\Users\Hp\OneDrive\Desktop\2026 plan\Sila\sila_app\lib\features\tasmi\services\tasmi_speech_service.dart", "Dart", 0, 0, 0, 0, 0, 0, 0, 331, 0, 0, 0, 0, 0, 0, 3, 59, 393
"c:\Users\Hp\OneDrive\Desktop\2026 plan\Sila\sila_app\lib\features\tasmi\services\tasmi_tts_service.dart", "Dart", 0, 0, 0, 0, 0, 0, 0, 104, 0, 0, 0, 0, 0, 0, 2, 24, 130
"c:\Users\Hp\OneDrive\Desktop\2026 plan\Sila\sila_app\lib\features\tasmi\services\tasmi_tts_service.g.dart", "Dart", 0, 0, 0, 0, 0, 0, 0, 13, 0, 0, 0, 0, 0, 0, 7, 6, 26
"c:\Users\Hp\OneDrive\Desktop\2026 plan\Sila\sila_app\lib\features\vefa\data\datasources\vefa_local_data_source.dart", "Dart", 0, 0, 0, 0, 0, 0, 0, 46, 0, 0, 0, 0, 0, 0, 0, 9, 55
"c:\Users\Hp\OneDrive\Desktop\2026 plan\Sila\sila_app\lib\features\vefa\data\models\vefa_person_model.dart", "Dart", 0, 0, 0, 0, 0, 0, 0, 28, 0, 0, 0, 0, 0, 0, 2, 9, 39
"c:\Users\Hp\OneDrive\Desktop\2026 plan\Sila\sila_app\lib\features\vefa\data\models\vefa_person_model.g.dart", "Dart", 0, 0, 0, 0, 0, 0, 0, 798, 0, 0, 0, 0, 0, 0, 6, 84, 888
"c:\Users\Hp\OneDrive\Desktop\2026 plan\Sila\sila_app\lib\features\vefa\data\repositories\vefa_repository_impl.dart", "Dart", 0, 0, 0, 0, 0, 0, 0, 58, 0, 0, 0, 0, 0, 0, 0, 8, 66
"c:\Users\Hp\OneDrive\Desktop\2026 plan\Sila\sila_app\lib\features\vefa\domain\entities\vefa_person.dart", "Dart", 0, 0, 0, 0, 0, 0, 0, 29, 0, 0, 0, 0, 0, 0, 0, 3, 32
"c:\Users\Hp\OneDrive\Desktop\2026 plan\Sila\sila_app\lib\features\vefa\domain\repositories\vefa_repository.dart", "Dart", 0, 0, 0, 0, 0, 0, 0, 10, 0, 0, 0, 0, 0, 0, 0, 2, 12
"c:\Users\Hp\OneDrive\Desktop\2026 plan\Sila\sila_app\lib\features\vefa\domain\usecases\vefa_usecases.dart", "Dart", 0, 0, 0, 0, 0, 0, 0, 32, 0, 0, 0, 0, 0, 0, 0, 13, 45
"c:\Users\Hp\OneDrive\Desktop\2026 plan\Sila\sila_app\lib\features\vefa\presentation\pages\vefa_page.dart", "Dart", 0, 0, 0, 0, 0, 0, 0, 288, 0, 0, 0, 0, 0, 0, 0, 7, 295
"c:\Users\Hp\OneDrive\Desktop\2026 plan\Sila\sila_app\lib\features\vefa\presentation\riverpod\vefa_providers.dart", "Dart", 0, 0, 0, 0, 0, 0, 0, 117, 0, 0, 0, 0, 0, 0, 10, 18, 145
"c:\Users\Hp\OneDrive\Desktop\2026 plan\Sila\sila_app\lib\features\vefa\presentation\widgets\add_vefa_contact_sheet.dart", "Dart", 0, 0, 0, 0, 0, 0, 0, 149, 0, 0, 0, 0, 0, 0, 0, 9, 158
"c:\Users\Hp\OneDrive\Desktop\2026 plan\Sila\sila_app\lib\features\vefa\presentation\widgets\vefa_card.dart", "Dart", 0, 0, 0, 0, 0, 0, 0, 138, 0, 0, 0, 0, 0, 0, 1, 6, 145
"c:\Users\Hp\OneDrive\Desktop\2026 plan\Sila\sila_app\lib\features\wird\data\datasources\wird_service.dart", "Dart", 0, 0, 0, 0, 0, 0, 0, 105, 0, 0, 0, 0, 0, 0, 9, 31, 145
"c:\Users\Hp\OneDrive\Desktop\2026 plan\Sila\sila_app\lib\features\wird\data\models\wird_history.dart", "Dart", 0, 0, 0, 0, 0, 0, 0, 12, 0, 0, 0, 0, 0, 0, 2, 7, 21
"c:\Users\Hp\OneDrive\Desktop\2026 plan\Sila\sila_app\lib\features\wird\data\models\wird_history.g.dart", "Dart", 0, 0, 0, 0, 0, 0, 0, 838, 0, 0, 0, 0, 0, 0, 6, 89, 933
"c:\Users\Hp\OneDrive\Desktop\2026 plan\Sila\sila_app\lib\features\wird\data\models\wird_settings.dart", "Dart", 0, 0, 0, 0, 0, 0, 0, 39, 0, 0, 0, 0, 0, 0, 8, 17, 64
"c:\Users\Hp\OneDrive\Desktop\2026 plan\Sila\sila_app\lib\features\wird\data\models\wird_settings.g.dart", "Dart", 0, 0, 0, 0, 0, 0, 0, 997, 0, 0, 0, 0, 0, 0, 6, 112, 1115
"c:\Users\Hp\OneDrive\Desktop\2026 plan\Sila\sila_app\lib\features\wird\presentation\pages\wird_history_page.dart", "Dart", 0, 0, 0, 0, 0, 0, 0, 130, 0, 0, 0, 0, 0, 0, 1, 7, 138
"c:\Users\Hp\OneDrive\Desktop\2026 plan\Sila\sila_app\lib\features\wird\presentation\pages\wird_reader_page.dart", "Dart", 0, 0, 0, 0, 0, 0, 0, 577, 0, 0, 0, 0, 0, 0, 8, 41, 626
"c:\Users\Hp\OneDrive\Desktop\2026 plan\Sila\sila_app\lib\features\wird\presentation\pages\wird_setup_page.dart", "Dart", 0, 0, 0, 0, 0, 0, 0, 252, 0, 0, 0, 0, 0, 0, 4, 16, 272
"c:\Users\Hp\OneDrive\Desktop\2026 plan\Sila\sila_app\lib\features\wird\presentation\riverpod\wird_controller.dart", "Dart", 0, 0, 0, 0, 0, 0, 0, 189, 0, 0, 0, 0, 0, 0, 26, 36, 251
"c:\Users\Hp\OneDrive\Desktop\2026 plan\Sila\sila_app\lib\features\wird\presentation\widgets\wird_card.dart", "Dart", 0, 0, 0, 0, 0, 0, 0, 709, 0, 0, 0, 0, 0, 0, 12, 34, 755
"c:\Users\Hp\OneDrive\Desktop\2026 plan\Sila\sila_app\lib\main.dart", "Dart", 0, 0, 0, 0, 0, 0, 0, 83, 0, 0, 0, 0, 0, 0, 3, 15, 101
"c:\Users\Hp\OneDrive\Desktop\2026 plan\Sila\sila_app\linux\CMakeLists.txt", "CMake", 0, 104, 0, 0, 0, 0, 0, 0, 0, 0, 0, 0, 0, 0, 0, 25, 129
"c:\Users\Hp\OneDrive\Desktop\2026 plan\Sila\sila_app\linux\flutter\CMakeLists.txt", "CMake", 0, 79, 0, 0, 0, 0, 0, 0, 0, 0, 0, 0, 0, 0, 0, 10, 89
"c:\Users\Hp\OneDrive\Desktop\2026 plan\Sila\sila_app\linux\flutter\generated_plugin_registrant.cc", "C++", 15, 0, 0, 0, 0, 0, 0, 0, 0, 0, 0, 0, 0, 0, 4, 5, 24
"c:\Users\Hp\OneDrive\Desktop\2026 plan\Sila\sila_app\linux\flutter\generated_plugin_registrant.h", "C++", 5, 0, 0, 0, 0, 0, 0, 0, 0, 0, 0, 0, 0, 0, 5, 6, 16
"c:\Users\Hp\OneDrive\Desktop\2026 plan\Sila\sila_app\linux\flutter\generated_plugins.cmake", "CMake", 0, 21, 0, 0, 0, 0, 0, 0, 0, 0, 0, 0, 0, 0, 0, 6, 27
"c:\Users\Hp\OneDrive\Desktop\2026 plan\Sila\sila_app\linux\runner\CMakeLists.txt", "CMake", 0, 21, 0, 0, 0, 0, 0, 0, 0, 0, 0, 0, 0, 0, 0, 6, 27
"c:\Users\Hp\OneDrive\Desktop\2026 plan\Sila\sila_app\linux\runner\main.cc", "C++", 5, 0, 0, 0, 0, 0, 0, 0, 0, 0, 0, 0, 0, 0, 0, 2, 7
"c:\Users\Hp\OneDrive\Desktop\2026 plan\Sila\sila_app\linux\runner\my_application.cc", "C++", 94, 0, 0, 0, 0, 0, 0, 0, 0, 0, 0, 0, 0, 0, 26, 29, 149
"c:\Users\Hp\OneDrive\Desktop\2026 plan\Sila\sila_app\linux\runner\my_application.h", "C++", 10, 0, 0, 0, 0, 0, 0, 0, 0, 0, 0, 0, 0, 0, 7, 5, 22
"c:\Users\Hp\OneDrive\Desktop\2026 plan\Sila\sila_app\macos\Flutter\GeneratedPluginRegistrant.swift", "Swift", 0, 0, 0, 0, 36, 0, 0, 0, 0, 0, 0, 0, 0, 0, 3, 4, 43
"c:\Users\Hp\OneDrive\Desktop\2026 plan\Sila\sila_app\macos\RunnerTests\RunnerTests.swift", "Swift", 0, 0, 0, 0, 7, 0, 0, 0, 0, 0, 0, 0, 0, 0, 2, 4, 13
"c:\Users\Hp\OneDrive\Desktop\2026 plan\Sila\sila_app\macos\Runner\AppDelegate.swift", "Swift", 0, 0, 0, 0, 11, 0, 0, 0, 0, 0, 0, 0, 0, 0, 0, 3, 14
"c:\Users\Hp\OneDrive\Desktop\2026 plan\Sila\sila_app\macos\Runner\Assets.xcassets\AppIcon.appiconset\Contents.json", "JSON", 0, 0, 0, 68, 0, 0, 0, 0, 0, 0, 0, 0, 0, 0, 0, 1, 69
"c:\Users\Hp\OneDrive\Desktop\2026 plan\Sila\sila_app\macos\Runner\Base.lproj\MainMenu.xib", "XML", 0, 0, 0, 0, 0, 0, 343, 0, 0, 0, 0, 0, 0, 0, 0, 1, 344
"c:\Users\Hp\OneDrive\Desktop\2026 plan\Sila\sila_app\macos\Runner\MainFlutterWindow.swift", "Swift", 0, 0, 0, 0, 12, 0, 0, 0, 0, 0, 0, 0, 0, 0, 0, 4, 16
"c:\Users\Hp\OneDrive\Desktop\2026 plan\Sila\sila_app\notification_scan.md", "Markdown", 0, 0, 0, 0, 0, 168, 0, 0, 0, 0, 0, 0, 0, 0, 0, 35, 203
"c:\Users\Hp\OneDrive\Desktop\2026 plan\Sila\sila_app\pubspec.yaml", "YAML", 0, 0, 70, 0, 0, 0, 0, 0, 0, 0, 0, 0, 0, 0, 5, 12, 87
"c:\Users\Hp\OneDrive\Desktop\2026 plan\Sila\sila_app\run_app.ps1", "PowerShell", 0, 0, 0, 0, 0, 0, 0, 0, 1, 0, 0, 0, 0, 0, 0, 1, 2
"c:\Users\Hp\OneDrive\Desktop\2026 plan\Sila\sila_app\scripts\download_all_audio.dart", "Dart", 0, 0, 0, 0, 0, 0, 0, 76, 0, 0, 0, 0, 0, 0, 0, 14, 90
"c:\Users\Hp\OneDrive\Desktop\2026 plan\Sila\sila_app\scripts\pre_push_ci.sh", "Shell Script", 0, 0, 0, 0, 0, 0, 0, 0, 0, 53, 0, 0, 0, 0, 1, 12, 66
"c:\Users\Hp\OneDrive\Desktop\2026 plan\Sila\sila_app\scripts\seed_quran.dart", "Dart", 0, 0, 0, 0, 0, 0, 0, 55, 0, 0, 0, 0, 0, 0, 6, 14, 75
"c:\Users\Hp\OneDrive\Desktop\2026 plan\Sila\sila_app\scripts\setup_git_hooks.sh", "Shell Script", 0, 0, 0, 0, 0, 0, 0, 0, 0, 21, 0, 0, 0, 0, 2, 9, 32
"c:\Users\Hp\OneDrive\Desktop\2026 plan\Sila\sila_app\test\features\hifz\domain\spaced_repetition_engine_test.dart", "Dart", 0, 0, 0, 0, 0, 0, 0, 36, 0, 0, 0, 0, 0, 0, 0, 7, 43
"c:\Users\Hp\OneDrive\Desktop\2026 plan\Sila\sila_app\test\features\quran\domain\usecases\get_surahs_test.dart", "Dart", 0, 0, 0, 0, 0, 0, 0, 36, 0, 0, 0, 0, 0, 0, 3, 6, 45
"c:\Users\Hp\OneDrive\Desktop\2026 plan\Sila\sila_app\test\features\tasmi\domain\tajweed_normalizer_test.dart", "Dart", 0, 0, 0, 0, 0, 0, 0, 79, 0, 0, 0, 0, 0, 0, 1, 16, 96
"c:\Users\Hp\OneDrive\Desktop\2026 plan\Sila\sila_app\web\index.html", "HTML", 0, 0, 0, 0, 0, 0, 0, 0, 0, 0, 19, 0, 0, 0, 15, 5, 39
"c:\Users\Hp\OneDrive\Desktop\2026 plan\Sila\sila_app\web\manifest.json", "JSON", 0, 0, 0, 35, 0, 0, 0, 0, 0, 0, 0, 0, 0, 0, 0, 1, 36
"c:\Users\Hp\OneDrive\Desktop\2026 plan\Sila\sila_app\windows\CMakeLists.txt", "CMake", 0, 89, 0, 0, 0, 0, 0, 0, 0, 0, 0, 0, 0, 0, 0, 20, 109
"c:\Users\Hp\OneDrive\Desktop\2026 plan\Sila\sila_app\windows\flutter\CMakeLists.txt", "CMake", 0, 98, 0, 0, 0, 0, 0, 0, 0, 0, 0, 0, 0, 0, 0, 12, 110
"c:\Users\Hp\OneDrive\Desktop\2026 plan\Sila\sila_app\windows\flutter\generated_plugin_registrant.cc", "C++", 24, 0, 0, 0, 0, 0, 0, 0, 0, 0, 0, 0, 0, 0, 4, 5, 33
"c:\Users\Hp\OneDrive\Desktop\2026 plan\Sila\sila_app\windows\flutter\generated_plugin_registrant.h", "C++", 5, 0, 0, 0, 0, 0, 0, 0, 0, 0, 0, 0, 0, 0, 5, 6, 16
"c:\Users\Hp\OneDrive\Desktop\2026 plan\Sila\sila_app\windows\flutter\generated_plugins.cmake", "CMake", 0, 25, 0, 0, 0, 0, 0, 0, 0, 0, 0, 0, 0, 0, 0, 6, 31
"c:\Users\Hp\OneDrive\Desktop\2026 plan\Sila\sila_app\windows\runner\CMakeLists.txt", "CMake", 0, 34, 0, 0, 0, 0, 0, 0, 0, 0, 0, 0, 0, 0, 0, 7, 41
"c:\Users\Hp\OneDrive\Desktop\2026 plan\Sila\sila_app\windows\runner\flutter_window.cpp", "C++", 49, 0, 0, 0, 0, 0, 0, 0, 0, 0, 0, 0, 0, 0, 7, 16, 72
"c:\Users\Hp\OneDrive\Desktop\2026 plan\Sila\sila_app\windows\runner\flutter_window.h", "C++", 20, 0, 0, 0, 0, 0, 0, 0, 0, 0, 0, 0, 0, 0, 5, 9, 34
"c:\Users\Hp\OneDrive\Desktop\2026 plan\Sila\sila_app\windows\runner\main.cpp", "C++", 30, 0, 0, 0, 0, 0, 0, 0, 0, 0, 0, 0, 0, 0, 4, 10, 44
"c:\Users\Hp\OneDrive\Desktop\2026 plan\Sila\sila_app\windows\runner\resource.h", "C++", 9, 0, 0, 0, 0, 0, 0, 0, 0, 0, 0, 0, 0, 0, 6, 2, 17
"c:\Users\Hp\OneDrive\Desktop\2026 plan\Sila\sila_app\windows\runner\utils.cpp", "C++", 54, 0, 0, 0, 0, 0, 0, 0, 0, 0, 0, 0, 0, 0, 2, 10, 66
"c:\Users\Hp\OneDrive\Desktop\2026 plan\Sila\sila_app\windows\runner\utils.h", "C++", 8, 0, 0, 0, 0, 0, 0, 0, 0, 0, 0, 0, 0, 0, 6, 6, 20
"c:\Users\Hp\OneDrive\Desktop\2026 plan\Sila\sila_app\windows\runner\win32_window.cpp", "C++", 210, 0, 0, 0, 0, 0, 0, 0, 0, 0, 0, 0, 0, 0, 24, 55, 289
"c:\Users\Hp\OneDrive\Desktop\2026 plan\Sila\sila_app\windows\runner\win32_window.h", "C++", 48, 0, 0, 0, 0, 0, 0, 0, 0, 0, 0, 0, 0, 0, 31, 24, 103
"Total", "-", 587, 471, 399, 68801, 85, 368, 544, 42881, 1, 74, 19, 48, 8, 0, 855, 5030, 120171